entryType,primaryAccession,secondaryAccessions,uniProtkbId,entryAudit,organism,proteinExistence,proteinDescription,genes,Functions,Miscellaneous
UniProtKB reviewed (Swiss-Prot),A0A0C5B5G6,[],MOTSC_HUMAN,"{""firstPublicDate"": ""2016-04-13"", ""lastAnnotationUpdateDate"": ""2024-10-02"", ""lastSequenceUpdateDate"": ""2015-04-29"", ""entryVersion"": 28, ""sequenceVersion"": 1}","{""scientificName"": ""Homo sapiens"", ""commonName"": ""Human"", ""taxonId"": 9606, ""evidences"": [{""evidenceCode"": ""ECO:0000312"", ""source"": ""EMBL"", ""id"": ""AJM13597.1""}], ""lineage"": [""Eukaryota"", ""Metazoa"", ""Chordata"", ""Craniata"", ""Vertebrata"", ""Euteleostomi"", ""Mammalia"", ""Eutheria"", ""Euarchontoglires"", ""Primates"", ""Haplorrhini"", ""Catarrhini"", ""Hominidae"", ""Homo""]}",1: Evidence at protein level,"{""recommendedName"": {""fullName"": {""evidences"": [{""evidenceCode"": ""ECO:0000303"", ""source"": ""PubMed"", ""id"": ""25738459""}], ""value"": ""Mitochondrial-derived peptide MOTS-c""}}, ""alternativeNames"": [{""fullName"": {""evidences"": [{""evidenceCode"": ""ECO:0000303"", ""source"": ""PubMed"", ""id"": ""25738459""}], ""value"": ""Mitochondrial open reading frame of the 12S rRNA-c""}}]}","[{""geneName"": {""evidences"": [{""evidenceCode"": ""ECO:0000312"", ""source"": ""HGNC"", ""id"": ""HGNC:7470""}], ""value"": ""MT-RNR1""}}]","[""Regulates insulin sensitivity and metabolic homeostasis (PubMed:25738459, PubMed:33468709). Inhibits the folate cycle, thereby reducing de novo purine biosynthesis which leads to the accumulation of the de novo purine synthesis intermediate 5-aminoimidazole-4-carboxamide (AICAR) and the activation of the metabolic regulator 5'-AMP-activated protein kinase (AMPK) (PubMed:25738459). Protects against age-dependent and diet-induced insulin resistance as well as diet-induced obesity (PubMed:25738459). In response to metabolic stress, translocates to the nucleus where it binds to antioxidant response elements (ARE) present in the promoter regions of a number of genes and plays a role in regulating nuclear gene expression in an NFE2L2-dependent manner and increasing cellular resistance to metabolic stress (PubMed:29983246). Increases mitochondrial respiration and levels of CPT1A and cytokines IL1B, IL6, IL8, IL10 and TNF in senescent cells (PubMed:29886458). Increases activity of the serine/threonine protein kinase complex mTORC2 and reduces activity of the PTEN phosphatase, thus promoting phosphorylation of AKT (PubMed:33554779). This promotes AKT-mediated phosphorylation of transcription factor FOXO1 which reduces FOXO1 activity, leading to reduced levels of MSTN and promotion of skeletal muscle growth (PubMed:33554779). Promotes osteogenic differentiation of bone marrow mesenchymal stem cells via the TGFB/SMAD pathway (PubMed:30468456). Promotes osteoblast proliferation and osteoblast synthesis of type I collagens COL1A1 and COL1A2 via the TGFB/SMAD pathway (PubMed:31081069)""]","[""Increases survival and decreases bacterial load in mice infected with methicillin-resistant Staphylococcus aureus (MRSA) (PubMed:29096170). Reduces serum levels of inflammatory cytokines such as TNF and IL6 and increases levels of the anti-inflammatory cytokine IL10 (PubMed:29096170). Enhances the phagocytic and bactericidal ability of macrophages and suppresses MAPK pathways while enhancing activation of STAT3 and AHR (PubMed:29096170)"", ""Protects mice against lipopolysaccharide-induced acute lung injury (PubMed:31931370). Reduces body weight loss and pulmonary edema, inhibits neutrophilic tissue infiltration in lung tissue, reduces inflammatory cytokine levels, increases levels of anti-inflammatory cytokines and superoxide dismutase and down-regulates the expression of chemokine CXCL1/CINC1 and adhesion molecule ICAM1 in lung tissues (PubMed:31931370)"", ""Promotes cold adaptation in mice following acute cold exposure (PubMed:31109005). Prevents acute cold-induced liver lipid deposition and increases brown fat activation and white fat browning upon acute cold exposure (PubMed:31109005). Also increases expression of thermogenic genes in vitro (PubMed:31109005)"", ""In a mouse osteolysis model, rescues bone loss, protects bone mass and alleviates inflammation (PubMed:31369811). Decreases TNFSF11/RANKL expression, increases TNFRSF11B/OPG expression and reduces the number of pro-inflammatory macrophages (PubMed:31369811)"", ""In ovarietomized mice, prevents body weight gain, reduces fat mass and adipocyte size, enhances brown fat function, decreases plasma lipid and hepatic triacylglycerol levels, and prevents insulin resistance"", ""Reduces weight gain in male mice fed a high-fat diet and enhances glucose clearance (PubMed:33468709). Does not reduce weight gain in females on a high-fat diet (PubMed:33468709)"", ""Improves physical performance in both young and aging mice and enhances skeletal muscle adaptation to metabolic stress in vitro"", ""Reduces vascular calcification (VC) in a rat VC model (PubMed:31694019). Reverses VC-induced reduction in AMPK phosphorylation and decreases expression of receptors AGTR1 and EDNRB (PubMed:31694019)""]"
UniProtKB reviewed (Swiss-Prot),A0A1B0GTW7,"[""A0A2R8Y3T5""]",CIROP_HUMAN,"{""firstPublicDate"": ""2018-09-12"", ""lastAnnotationUpdateDate"": ""2024-10-02"", ""lastSequenceUpdateDate"": ""2016-10-05"", ""entryVersion"": 36, ""sequenceVersion"": 1}","{""scientificName"": ""Homo sapiens"", ""commonName"": ""Human"", ""taxonId"": 9606, ""lineage"": [""Eukaryota"", ""Metazoa"", ""Chordata"", ""Craniata"", ""Vertebrata"", ""Euteleostomi"", ""Mammalia"", ""Eutheria"", ""Euarchontoglires"", ""Primates"", ""Haplorrhini"", ""Catarrhini"", ""Hominidae"", ""Homo""]}",1: Evidence at protein level,"{""recommendedName"": {""fullName"": {""evidences"": [{""evidenceCode"": ""ECO:0000303"", ""source"": ""PubMed"", ""id"": ""34903892""}], ""value"": ""Ciliated left-right organizer metallopeptidase""}, ""ecNumbers"": [{""evidences"": [{""evidenceCode"": ""ECO:0000250"", ""source"": ""UniProtKB"", ""id"": ""Q9VH19""}], ""value"": ""3.4.24.-""}]}, ""alternativeNames"": [{""fullName"": {""evidences"": [{""evidenceCode"": ""ECO:0000305""}], ""value"": ""Leishmanolysin-like peptidase 2""}}], ""flag"": ""Precursor""}","[{""geneName"": {""evidences"": [{""evidenceCode"": ""ECO:0000312"", ""source"": ""HGNC"", ""id"": ""HGNC:53647""}], ""value"": ""CIROP""}, ""synonyms"": [{""evidences"": [{""evidenceCode"": ""ECO:0000312"", ""source"": ""HGNC"", ""id"": ""HGNC:53647""}], ""value"": ""LMLN2""}]}]","[""Putative metalloproteinase that plays a role in left-right patterning process""]",[]
UniProtKB reviewed (Swiss-Prot),A0JNW5,"[""A0PJE5"", ""O75183"", ""Q8NDL1"", ""Q96C30"", ""Q9BTS5"", ""Q9H0F1""]",BLT3B_HUMAN,"{""firstPublicDate"": ""2007-07-24"", ""lastAnnotationUpdateDate"": ""2024-10-02"", ""lastSequenceUpdateDate"": ""2007-07-24"", ""entryVersion"": 127, ""sequenceVersion"": 2}","{""scientificName"": ""Homo sapiens"", ""commonName"": ""Human"", ""taxonId"": 9606, ""lineage"": [""Eukaryota"", ""Metazoa"", ""Chordata"", ""Craniata"", ""Vertebrata"", ""Euteleostomi"", ""Mammalia"", ""Eutheria"", ""Euarchontoglires"", ""Primates"", ""Haplorrhini"", ""Catarrhini"", ""Hominidae"", ""Homo""]}",1: Evidence at protein level,"{""recommendedName"": {""fullName"": {""evidences"": [{""evidenceCode"": ""ECO:0000312"", ""source"": ""HGNC"", ""id"": ""HGNC:29102""}], ""value"": ""Bridge-like lipid transfer protein family member 3B""}}, ""alternativeNames"": [{""fullName"": {""evidences"": [{""evidenceCode"": ""ECO:0000303"", ""source"": ""PubMed"", ""id"": ""20163565""}], ""value"": ""Syntaxin-6 Habc-interacting protein of 164 kDa""}}, {""fullName"": {""value"": ""UHRF1-binding protein 1-like""}}]}","[{""geneName"": {""evidences"": [{""evidenceCode"": ""ECO:0000312"", ""source"": ""HGNC"", ""id"": ""HGNC:29102""}], ""value"": ""BLTP3B""}, ""synonyms"": [{""evidences"": [{""evidenceCode"": ""ECO:0000312"", ""source"": ""EMBL"", ""id"": ""BAA31676.2""}], ""value"": ""KIAA0701""}, {""evidences"": [{""evidenceCode"": ""ECO:0000303"", ""source"": ""PubMed"", ""id"": ""20163565""}], ""value"": ""SHIP164""}, {""value"": ""UHRF1BP1L""}]}]","[""Tube-forming lipid transport protein which mediates the transfer of lipids between membranes at organelle contact sites (PubMed:35499567). Required for retrograde traffic of vesicle clusters in the early endocytic pathway to the Golgi complex (PubMed:20163565, PubMed:35499567)""]",[]
UniProtKB reviewed (Swiss-Prot),A0JP26,"[""A0A096LPD0"", ""Q6NXN7"", ""Q6S5H4"", ""Q6S5H7""]",POTB3_HUMAN,"{""firstPublicDate"": ""2015-03-04"", ""lastAnnotationUpdateDate"": ""2024-10-02"", ""lastSequenceUpdateDate"": ""2015-03-04"", ""entryVersion"": 121, ""sequenceVersion"": 2}","{""scientificName"": ""Homo sapiens"", ""commonName"": ""Human"", ""taxonId"": 9606, ""evidences"": [{""evidenceCode"": ""ECO:0000312"", ""source"": ""EMBL"", ""id"": ""AAI27124.1""}], ""lineage"": [""Eukaryota"", ""Metazoa"", ""Chordata"", ""Craniata"", ""Vertebrata"", ""Euteleostomi"", ""Mammalia"", ""Eutheria"", ""Euarchontoglires"", ""Primates"", ""Haplorrhini"", ""Catarrhini"", ""Hominidae"", ""Homo""]}",1: Evidence at protein level,"{""recommendedName"": {""fullName"": {""evidences"": [{""evidenceCode"": ""ECO:0000312"", ""source"": ""HGNC"", ""id"": ""HGNC:51240""}], ""value"": ""POTE ankyrin domain family member B3""}}}","[{""geneName"": {""evidences"": [{""evidenceCode"": ""ECO:0000312"", ""source"": ""HGNC"", ""id"": ""HGNC:51240""}], ""value"": ""POTEB3""}}]",[],[]
UniProtKB reviewed (Swiss-Prot),A0PK11,[],CLRN2_HUMAN,"{""firstPublicDate"": ""2007-02-06"", ""lastAnnotationUpdateDate"": ""2024-10-02"", ""lastSequenceUpdateDate"": ""2007-01-09"", ""entryVersion"": 103, ""sequenceVersion"": 1}","{""scientificName"": ""Homo sapiens"", ""commonName"": ""Human"", ""taxonId"": 9606, ""lineage"": [""Eukaryota"", ""Metazoa"", ""Chordata"", ""Craniata"", ""Vertebrata"", ""Euteleostomi"", ""Mammalia"", ""Eutheria"", ""Euarchontoglires"", ""Primates"", ""Haplorrhini"", ""Catarrhini"", ""Hominidae"", ""Homo""]}",1: Evidence at protein level,"{""recommendedName"": {""fullName"": {""value"": ""Clarin-2""}}}","[{""geneName"": {""evidences"": [{""evidenceCode"": ""ECO:0000312"", ""source"": ""HGNC"", ""id"": ""HGNC:33939""}], ""value"": ""CLRN2""}}]","[""Plays a key role to hearing function. Required for normal organization and maintenance of the stereocilia bundle and for mechano-electrical transduction""]",[]
UniProtKB reviewed (Swiss-Prot),A1A4S6,"[""A1L0S5"", ""Q2VPC4"", ""Q2VPC5"", ""Q96EV3"", ""Q96S75""]",RHG10_HUMAN,"{""firstPublicDate"": ""2007-10-02"", ""lastAnnotationUpdateDate"": ""2024-10-02"", ""lastSequenceUpdateDate"": ""2007-01-23"", ""entryVersion"": 141, ""sequenceVersion"": 1}","{""scientificName"": ""Homo sapiens"", ""commonName"": ""Human"", ""taxonId"": 9606, ""lineage"": [""Eukaryota"", ""Metazoa"", ""Chordata"", ""Craniata"", ""Vertebrata"", ""Euteleostomi"", ""Mammalia"", ""Eutheria"", ""Euarchontoglires"", ""Primates"", ""Haplorrhini"", ""Catarrhini"", ""Hominidae"", ""Homo""]}",1: Evidence at protein level,"{""recommendedName"": {""fullName"": {""value"": ""Rho GTPase-activating protein 10""}}, ""alternativeNames"": [{""fullName"": {""value"": ""GTPase regulator associated with focal adhesion kinase 2""}, ""shortNames"": [{""evidences"": [{""evidenceCode"": ""ECO:0000303"", ""source"": ""PubMed"", ""id"": ""11432776""}], ""value"": ""GRAF2""}]}, {""fullName"": {""value"": ""Graf-related protein 2""}}, {""fullName"": {""value"": ""Rho-type GTPase-activating protein 10""}}]}","[{""geneName"": {""value"": ""ARHGAP10""}, ""synonyms"": [{""value"": ""GRAF2""}]}]","[""GTPase-activating protein that catalyzes the conversion of active GTP-bound Rho GTPases to their inactive GDP-bound form, thus suppressing various Rho GTPase-mediated cellular processes (PubMed:11432776). Also converts Cdc42 to an inactive GDP-bound state (PubMed:11432776). Essential for PTKB2 regulation of cytoskeletal organization via Rho family GTPases. Inhibits PAK2 proteolytic fragment PAK-2p34 kinase activity and changes its localization from the nucleus to the perinuclear region. Stabilizes PAK-2p34 thereby increasing stimulation of cell death (By similarity). Associates with MICAL1 on the endosomal membrane to promote Rab8-Rab10-dependent tubule extension. After dissociation with MICAL1, recruits WDR44 which connects the endoplasmic reticulum (ER) with the endosomal tubule, thereby participating in the export of a subset of neosynthesized proteins (PubMed:32344433)""]",[]
UniProtKB reviewed (Swiss-Prot),A1A519,"[""Q66LM8"", ""Q7Z4V2"", ""Q8IW94""]",F170A_HUMAN,"{""firstPublicDate"": ""2008-03-18"", ""lastAnnotationUpdateDate"": ""2024-10-02"", ""lastSequenceUpdateDate"": ""2007-01-23"", ""entryVersion"": 130, ""sequenceVersion"": 1}","{""scientificName"": ""Homo sapiens"", ""commonName"": ""Human"", ""taxonId"": 9606, ""lineage"": [""Eukaryota"", ""Metazoa"", ""Chordata"", ""Craniata"", ""Vertebrata"", ""Euteleostomi"", ""Mammalia"", ""Eutheria"", ""Euarchontoglires"", ""Primates"", ""Haplorrhini"", ""Catarrhini"", ""Hominidae"", ""Homo""]}",1: Evidence at protein level,"{""recommendedName"": {""fullName"": {""value"": ""Protein FAM170A""}}, ""alternativeNames"": [{""fullName"": {""value"": ""Zinc finger domain-containing protein""}}, {""fullName"": {""value"": ""Zinc finger protein ZNFD""}}]}","[{""geneName"": {""value"": ""FAM170A""}, ""synonyms"": [{""value"": ""ZNFD""}]}]","[""Acts as a nuclear transcription factor that positively regulates the expression of heat shock genes. Binds to heat shock promoter elements (HSE)""]",[]
UniProtKB reviewed (Swiss-Prot),A1L190,[],SYCE3_HUMAN,"{""firstPublicDate"": ""2009-03-24"", ""lastAnnotationUpdateDate"": ""2024-10-02"", ""lastSequenceUpdateDate"": ""2007-02-20"", ""entryVersion"": 114, ""sequenceVersion"": 1}","{""scientificName"": ""Homo sapiens"", ""commonName"": ""Human"", ""taxonId"": 9606, ""lineage"": [""Eukaryota"", ""Metazoa"", ""Chordata"", ""Craniata"", ""Vertebrata"", ""Euteleostomi"", ""Mammalia"", ""Eutheria"", ""Euarchontoglires"", ""Primates"", ""Haplorrhini"", ""Catarrhini"", ""Hominidae"", ""Homo""]}",1: Evidence at protein level,"{""recommendedName"": {""fullName"": {""value"": ""Synaptonemal complex central element protein 3""}}, ""alternativeNames"": [{""fullName"": {""value"": ""Testis highly expressed gene 2 protein""}, ""shortNames"": [{""value"": ""THEG-2""}]}]}","[{""geneName"": {""value"": ""SYCE3""}, ""synonyms"": [{""value"": ""C22orf41""}, {""value"": ""THEG2""}]}]","[""Major component of the transverse central element of synaptonemal complexes (SCS), formed between homologous chromosomes during meiotic prophase. Required for chromosome loading of the central element-specific SCS proteins, and for initiating synapsis between homologous chromosomes. Chromosome loading appears to require SYCP1. Required for fertility""]",[]
UniProtKB reviewed (Swiss-Prot),A1L3X0,"[""Q589T3"", ""Q9H5D0"", ""Q9NT66""]",ELOV7_HUMAN,"{""firstPublicDate"": ""2007-12-04"", ""lastAnnotationUpdateDate"": ""2024-10-02"", ""lastSequenceUpdateDate"": ""2007-02-06"", ""entryVersion"": 135, ""sequenceVersion"": 1}","{""scientificName"": ""Homo sapiens"", ""commonName"": ""Human"", ""taxonId"": 9606, ""lineage"": [""Eukaryota"", ""Metazoa"", ""Chordata"", ""Craniata"", ""Vertebrata"", ""Euteleostomi"", ""Mammalia"", ""Eutheria"", ""Euarchontoglires"", ""Primates"", ""Haplorrhini"", ""Catarrhini"", ""Hominidae"", ""Homo""]}",1: Evidence at protein level,"{""recommendedName"": {""fullName"": {""evidences"": [{""evidenceCode"": ""ECO:0000255"", ""source"": ""HAMAP-Rule"", ""id"": ""MF_03207""}], ""value"": ""Very long chain fatty acid elongase 7""}, ""ecNumbers"": [{""evidences"": [{""evidenceCode"": ""ECO:0000255"", ""source"": ""HAMAP-Rule"", ""id"": ""MF_03207""}, {""evidenceCode"": ""ECO:0000269"", ""source"": ""PubMed"", ""id"": ""20937905""}, {""evidenceCode"": ""ECO:0000269"", ""source"": ""PubMed"", ""id"": ""21959040""}, {""evidenceCode"": ""ECO:0000269"", ""source"": ""PubMed"", ""id"": ""34117479""}], ""value"": ""2.3.1.199""}]}, ""alternativeNames"": [{""fullName"": {""evidences"": [{""evidenceCode"": ""ECO:0000255"", ""source"": ""HAMAP-Rule"", ""id"": ""MF_03207""}], ""value"": ""3-keto acyl-CoA synthase ELOVL7""}}, {""fullName"": {""evidences"": [{""evidenceCode"": ""ECO:0000255"", ""source"": ""HAMAP-Rule"", ""id"": ""MF_03207""}], ""value"": ""ELOVL fatty acid elongase 7""}, ""shortNames"": [{""evidences"": [{""evidenceCode"": ""ECO:0000255"", ""source"": ""HAMAP-Rule"", ""id"": ""MF_03207""}], ""value"": ""ELOVL FA elongase 7""}]}, {""fullName"": {""evidences"": [{""evidenceCode"": ""ECO:0000255"", ""source"": ""HAMAP-Rule"", ""id"": ""MF_03207""}], ""value"": ""Elongation of very long chain fatty acids protein 7""}}, {""fullName"": {""evidences"": [{""evidenceCode"": ""ECO:0000255"", ""source"": ""HAMAP-Rule"", ""id"": ""MF_03207""}], ""value"": ""Very long chain 3-ketoacyl-CoA synthase 7""}}, {""fullName"": {""evidences"": [{""evidenceCode"": ""ECO:0000255"", ""source"": ""HAMAP-Rule"", ""id"": ""MF_03207""}], ""value"": ""Very long chain 3-oxoacyl-CoA synthase 7""}}]}","[{""geneName"": {""evidences"": [{""evidenceCode"": ""ECO:0000255"", ""source"": ""HAMAP-Rule"", ""id"": ""MF_03207""}], ""value"": ""ELOVL7""}}]","[""Catalyzes the first and rate-limiting reaction of the four reactions that constitute the long-chain fatty acids elongation cycle. This endoplasmic reticulum-bound enzymatic process allows the addition of 2 carbons to the chain of long- and very long-chain fatty acids (VLCFAs) per cycle. Condensing enzyme with higher activity toward C18 acyl-CoAs, especially C18:3(n-3) acyl-CoAs and C18:3(n-6)-CoAs. Also active toward C20:4-, C18:0-, C18:1-, C18:2- and C16:0-CoAs, and weakly toward C20:0-CoA. Little or no activity toward C22:0-, C24:0-, or C26:0-CoAs. May participate in the production of saturated and polyunsaturated VLCFAs of different chain lengths that are involved in multiple biological processes as precursors of membrane lipids and lipid mediators""]",[]
UniProtKB reviewed (Swiss-Prot),A1X283,"[""B6F0V2"", ""Q9P2Q1""]",SPD2B_HUMAN,"{""firstPublicDate"": ""2007-12-04"", ""lastAnnotationUpdateDate"": ""2024-10-02"", ""lastSequenceUpdateDate"": ""2009-05-05"", ""entryVersion"": 133, ""sequenceVersion"": 3}","{""scientificName"": ""Homo sapiens"", ""commonName"": ""Human"", ""taxonId"": 9606, ""lineage"": [""Eukaryota"", ""Metazoa"", ""Chordata"", ""Craniata"", ""Vertebrata"", ""Euteleostomi"", ""Mammalia"", ""Eutheria"", ""Euarchontoglires"", ""Primates"", ""Haplorrhini"", ""Catarrhini"", ""Hominidae"", ""Homo""]}",1: Evidence at protein level,"{""recommendedName"": {""fullName"": {""value"": ""SH3 and PX domain-containing protein 2B""}}, ""alternativeNames"": [{""fullName"": {""value"": ""Adapter protein HOFI""}}, {""fullName"": {""value"": ""Factor for adipocyte differentiation 49""}}, {""fullName"": {""value"": ""Tyrosine kinase substrate with four SH3 domains""}}]}","[{""geneName"": {""value"": ""SH3PXD2B""}, ""synonyms"": [{""value"": ""FAD49""}, {""value"": ""KIAA1295""}, {""value"": ""TKS4""}]}]","[""Adapter protein involved in invadopodia and podosome formation and extracellular matrix degradation. Binds matrix metalloproteinases (ADAMs), NADPH oxidases (NOXs) and phosphoinositides. Acts as an organizer protein that allows NOX1- or NOX3-dependent reactive oxygen species (ROS) generation and ROS localization. Plays a role in mitotic clonal expansion during the immediate early stage of adipocyte differentiation (By similarity)""]",[]
UniProtKB reviewed (Swiss-Prot),A2A2Y4,"[""A8MQB0"", ""B4DN14"", ""Q53EP2"", ""Q5JV59"", ""Q5VZA1"", ""Q86WP8"", ""Q8IZ44"", ""Q8N3Y5"", ""Q8N9L2""]",FRMD3_HUMAN,"{""firstPublicDate"": ""2008-02-05"", ""lastAnnotationUpdateDate"": ""2024-10-02"", ""lastSequenceUpdateDate"": ""2007-02-20"", ""entryVersion"": 135, ""sequenceVersion"": 1}","{""scientificName"": ""Homo sapiens"", ""commonName"": ""Human"", ""taxonId"": 9606, ""lineage"": [""Eukaryota"", ""Metazoa"", ""Chordata"", ""Craniata"", ""Vertebrata"", ""Euteleostomi"", ""Mammalia"", ""Eutheria"", ""Euarchontoglires"", ""Primates"", ""Haplorrhini"", ""Catarrhini"", ""Hominidae"", ""Homo""]}",1: Evidence at protein level,"{""recommendedName"": {""fullName"": {""value"": ""FERM domain-containing protein 3""}}, ""alternativeNames"": [{""fullName"": {""value"": ""Band 4.1-like protein 4O""}}, {""fullName"": {""value"": ""Ovary type protein 4.1""}, ""shortNames"": [{""value"": ""4.1O""}]}]}","[{""geneName"": {""value"": ""FRMD3""}, ""synonyms"": [{""value"": ""EPB41L4O""}]}]","[""Putative tumor suppressor gene that may be implicated in the origin and progression of lung cancer""]",[]
UniProtKB reviewed (Swiss-Prot),A2RU14,"[""B7ZM48""]",TM218_HUMAN,"{""firstPublicDate"": ""2008-02-26"", ""lastAnnotationUpdateDate"": ""2024-10-02"", ""lastSequenceUpdateDate"": ""2007-03-06"", ""entryVersion"": 111, ""sequenceVersion"": 1}","{""scientificName"": ""Homo sapiens"", ""commonName"": ""Human"", ""taxonId"": 9606, ""lineage"": [""Eukaryota"", ""Metazoa"", ""Chordata"", ""Craniata"", ""Vertebrata"", ""Euteleostomi"", ""Mammalia"", ""Eutheria"", ""Euarchontoglires"", ""Primates"", ""Haplorrhini"", ""Catarrhini"", ""Hominidae"", ""Homo""]}",1: Evidence at protein level,"{""recommendedName"": {""fullName"": {""value"": ""Transmembrane protein 218""}}}","[{""geneName"": {""value"": ""TMEM218""}}]","[""May be involved in ciliary biogenesis or function""]",[]
UniProtKB reviewed (Swiss-Prot),A2RUB6,"[""B3KWL8"", ""Q4VC34"", ""Q8N949""]",CCD66_HUMAN,"{""firstPublicDate"": ""2008-02-26"", ""lastAnnotationUpdateDate"": ""2024-10-02"", ""lastSequenceUpdateDate"": ""2009-03-03"", ""entryVersion"": 122, ""sequenceVersion"": 4}","{""scientificName"": ""Homo sapiens"", ""commonName"": ""Human"", ""taxonId"": 9606, ""lineage"": [""Eukaryota"", ""Metazoa"", ""Chordata"", ""Craniata"", ""Vertebrata"", ""Euteleostomi"", ""Mammalia"", ""Eutheria"", ""Euarchontoglires"", ""Primates"", ""Haplorrhini"", ""Catarrhini"", ""Hominidae"", ""Homo""]}",1: Evidence at protein level,"{""recommendedName"": {""fullName"": {""evidences"": [{""evidenceCode"": ""ECO:0000305""}], ""value"": ""Coiled-coil domain-containing protein 66""}}}","[{""geneName"": {""evidences"": [{""evidenceCode"": ""ECO:0000312"", ""source"": ""HGNC"", ""id"": ""HGNC:27709""}], ""value"": ""CCDC66""}}]","[""Microtubule-binding protein required for ciliogenesis (PubMed:28235840). May function in ciliogenesis by mediating the transport of proteins like BBS4 to the cilium, but also through the organization of the centriolar satellites (PubMed:28235840). Plays a role in retina morphogenesis and/or homeostasis (By similarity)""]",[]
UniProtKB reviewed (Swiss-Prot),A2RUC4,"[""B2RNE3"", ""Q8N1R2""]",TYW5_HUMAN,"{""firstPublicDate"": ""2007-11-13"", ""lastAnnotationUpdateDate"": ""2024-10-02"", ""lastSequenceUpdateDate"": ""2007-03-06"", ""entryVersion"": 123, ""sequenceVersion"": 1}","{""scientificName"": ""Homo sapiens"", ""commonName"": ""Human"", ""taxonId"": 9606, ""lineage"": [""Eukaryota"", ""Metazoa"", ""Chordata"", ""Craniata"", ""Vertebrata"", ""Euteleostomi"", ""Mammalia"", ""Eutheria"", ""Euarchontoglires"", ""Primates"", ""Haplorrhini"", ""Catarrhini"", ""Hominidae"", ""Homo""]}",1: Evidence at protein level,"{""recommendedName"": {""fullName"": {""evidences"": [{""evidenceCode"": ""ECO:0000305"", ""source"": ""PubMed"", ""id"": ""20739293""}], ""value"": ""tRNA wybutosine-synthesizing protein 5""}, ""shortNames"": [{""value"": ""hTYW5""}, {""value"": ""tRNA yW-synthesizing protein 5""}], ""ecNumbers"": [{""evidences"": [{""evidenceCode"": ""ECO:0000269"", ""source"": ""PubMed"", ""id"": ""20739293""}, {""evidenceCode"": ""ECO:0000269"", ""source"": ""PubMed"", ""id"": ""20972222""}], ""value"": ""1.14.11.42""}]}, ""alternativeNames"": [{""fullName"": {""value"": ""tRNA(Phe) (7-(3-amino-3-carboxypropyl)wyosine(37)-C(2))-hydroxylase""}}]}","[{""geneName"": {""value"": ""TYW5""}, ""synonyms"": [{""value"": ""C2orf60""}]}]","[""tRNA hydroxylase that acts as a component of the wybutosine biosynthesis pathway. Wybutosine is a hyper modified guanosine with a tricyclic base found at the 3'-position adjacent to the anticodon of eukaryotic phenylalanine tRNA. Catalyzes the hydroxylation of 7-(a-amino-a-carboxypropyl)wyosine (yW-72) into undermodified hydroxywybutosine (OHyW*). OHyW* being further transformed into hydroxywybutosine (OHyW) by LCMT2/TYW4. OHyW is a derivative of wybutosine found in higher eukaryotes""]",[]
UniProtKB reviewed (Swiss-Prot),A4D1B5,"[""A4D1B6"", ""Q3MJC0"", ""Q8ND73"", ""Q9UMH3"", ""Q9Y4L9""]",GSAP_HUMAN,"{""firstPublicDate"": ""2008-05-20"", ""lastAnnotationUpdateDate"": ""2024-10-02"", ""lastSequenceUpdateDate"": ""2008-05-20"", ""entryVersion"": 115, ""sequenceVersion"": 2}","{""scientificName"": ""Homo sapiens"", ""commonName"": ""Human"", ""taxonId"": 9606, ""lineage"": [""Eukaryota"", ""Metazoa"", ""Chordata"", ""Craniata"", ""Vertebrata"", ""Euteleostomi"", ""Mammalia"", ""Eutheria"", ""Euarchontoglires"", ""Primates"", ""Haplorrhini"", ""Catarrhini"", ""Hominidae"", ""Homo""]}",1: Evidence at protein level,"{""recommendedName"": {""fullName"": {""value"": ""Gamma-secretase-activating protein""}, ""shortNames"": [{""value"": ""GSAP""}]}, ""alternativeNames"": [{""fullName"": {""value"": ""Protein pigeon homolog""}}], ""contains"": [{""recommendedName"": {""fullName"": {""value"": ""Gamma-secretase-activating protein 16 kDa C-terminal form""}, ""shortNames"": [{""value"": ""GSAP-16K""}]}}]}","[{""geneName"": {""value"": ""GSAP""}, ""synonyms"": [{""value"": ""PION""}]}]","[""Regulator of gamma-secretase activity, which specifically activates the production of amyloid-beta protein (amyloid-beta protein 40 and amyloid-beta protein 42), without affecting the cleavage of other gamma-secretase targets such has Notch. The gamma-secretase complex is an endoprotease complex that catalyzes the intramembrane cleavage of integral membrane proteins such as Notch receptors and APP (amyloid-beta precursor protein). Specifically promotes the gamma-cleavage of APP CTF-alpha (also named APP-CTF) by the gamma-secretase complex to generate amyloid-beta, while it reduces the epsilon-cleavage of APP CTF-alpha, leading to a low production of AICD""]","[""The gamma-secretase regulator activity is specifically inhibited by imatinib (also known as STI571 or Gleevec), an anticancer drug that selectively decreases amyloid-beta protein production. Imatinib binds PION/GSAP and acts by preventing PION/GSAP interaction with the gamma-secretase substrate, CTF-alpha (PubMed:20811458)"", ""Its role as an activator of amyloid-beta protein production makes it a promising therapeutic target for the treatment of Alzheimer disease""]"
UniProtKB reviewed (Swiss-Prot),A4GXA9,"[""Q8TEP2"", ""Q96RY3""]",EME2_HUMAN,"{""firstPublicDate"": ""2008-02-05"", ""lastAnnotationUpdateDate"": ""2024-10-02"", ""lastSequenceUpdateDate"": ""2014-05-14"", ""entryVersion"": 121, ""sequenceVersion"": 3}","{""scientificName"": ""Homo sapiens"", ""commonName"": ""Human"", ""taxonId"": 9606, ""lineage"": [""Eukaryota"", ""Metazoa"", ""Chordata"", ""Craniata"", ""Vertebrata"", ""Euteleostomi"", ""Mammalia"", ""Eutheria"", ""Euarchontoglires"", ""Primates"", ""Haplorrhini"", ""Catarrhini"", ""Hominidae"", ""Homo""]}",1: Evidence at protein level,"{""recommendedName"": {""fullName"": {""value"": ""Probable crossover junction endonuclease EME2""}, ""ecNumbers"": [{""value"": ""3.1.22.-""}]}}","[{""geneName"": {""value"": ""EME2""}}]","[""Interacts with MUS81 to form a DNA structure-specific endonuclease which cleaves substrates such as 3'-flap structures""]",[]
UniProtKB reviewed (Swiss-Prot),A5D8V7,"[""B4DXT0"", ""Q96CG5""]",ODAD3_HUMAN,"{""firstPublicDate"": ""2008-02-26"", ""lastAnnotationUpdateDate"": ""2024-10-02"", ""lastSequenceUpdateDate"": ""2007-06-12"", ""entryVersion"": 131, ""sequenceVersion"": 1}","{""scientificName"": ""Homo sapiens"", ""commonName"": ""Human"", ""taxonId"": 9606, ""lineage"": [""Eukaryota"", ""Metazoa"", ""Chordata"", ""Craniata"", ""Vertebrata"", ""Euteleostomi"", ""Mammalia"", ""Eutheria"", ""Euarchontoglires"", ""Primates"", ""Haplorrhini"", ""Catarrhini"", ""Hominidae"", ""Homo""]}",1: Evidence at protein level,"{""recommendedName"": {""fullName"": {""value"": ""Outer dynein arm-docking complex subunit 3""}}, ""alternativeNames"": [{""fullName"": {""value"": ""Coiled-coil domain-containing protein 151""}}]}","[{""geneName"": {""evidences"": [{""evidenceCode"": ""ECO:0000312"", ""source"": ""HGNC"", ""id"": ""HGNC:28303""}], ""value"": ""ODAD3""}, ""synonyms"": [{""value"": ""CCDC151""}]}]","[""Component of the outer dynein arm-docking complex (ODA-DC) that mediates outer dynein arms (ODA) binding onto the doublet microtubule (PubMed:25192045). Involved in mediating assembly of both ODAs and their axonemal docking complex onto ciliary microtubules (PubMed:25192045)""]",[]
UniProtKB reviewed (Swiss-Prot),A5PLL7,[],PDES1_HUMAN,"{""firstPublicDate"": ""2008-02-26"", ""lastAnnotationUpdateDate"": ""2024-10-02"", ""lastSequenceUpdateDate"": ""2010-11-02"", ""entryVersion"": 132, ""sequenceVersion"": 3}","{""scientificName"": ""Homo sapiens"", ""commonName"": ""Human"", ""taxonId"": 9606, ""lineage"": [""Eukaryota"", ""Metazoa"", ""Chordata"", ""Craniata"", ""Vertebrata"", ""Euteleostomi"", ""Mammalia"", ""Eutheria"", ""Euarchontoglires"", ""Primates"", ""Haplorrhini"", ""Catarrhini"", ""Hominidae"", ""Homo""]}",1: Evidence at protein level,"{""recommendedName"": {""fullName"": {""evidences"": [{""evidenceCode"": ""ECO:0000312"", ""source"": ""HGNC"", ""id"": ""HGNC:16735""}], ""value"": ""Plasmanylethanolamine desaturase 1""}, ""ecNumbers"": [{""evidences"": [{""evidenceCode"": ""ECO:0000269"", ""source"": ""PubMed"", ""id"": ""31604315""}, {""evidenceCode"": ""ECO:0000269"", ""source"": ""PubMed"", ""id"": ""32209662""}], ""value"": ""1.14.19.77""}]}, ""alternativeNames"": [{""fullName"": {""evidences"": [{""evidenceCode"": ""ECO:0000312"", ""source"": ""HGNC"", ""id"": ""HGNC:16735""}], ""value"": ""Transmembrane protein 189""}}]}","[{""geneName"": {""evidences"": [{""evidenceCode"": ""ECO:0000312"", ""source"": ""HGNC"", ""id"": ""HGNC:16735""}], ""value"": ""PEDS1""}, ""synonyms"": [{""evidences"": [{""evidenceCode"": ""ECO:0000303"", ""source"": ""PubMed"", ""id"": ""11076860""}], ""value"": ""KUA""}, {""evidences"": [{""evidenceCode"": ""ECO:0000303"", ""source"": ""PubMed"", ""id"": ""32209662""}], ""value"": ""PDES""}, {""evidences"": [{""evidenceCode"": ""ECO:0000312"", ""source"": ""EMBL"", ""id"": ""AAI42967.1""}], ""value"": ""TMEM189""}]}]","[""Plasmanylethanolamine desaturase involved in plasmalogen biogenesis in the endoplasmic reticulum membrane (PubMed:31604315, PubMed:32209662, PubMed:33859415). Plasmalogens are glycerophospholipids with a hydrocarbon chain linked by a vinyl ether bond at the glycerol sn-1 position, and are involved in antioxidative and signaling mechanisms (PubMed:31604315)""]","[""In human, PESD1 and UBE2V1 are adjacent genes which can produce independent proteins and can also be fused to form a PESD1-UBE2V1 hybrid protein""]"
UniProtKB reviewed (Swiss-Prot),A6BM72,"[""Q17R86"", ""Q6UXS5"", ""Q8ND91"", ""Q96KG6""]",MEG11_HUMAN,"{""firstPublicDate"": ""2007-11-13"", ""lastAnnotationUpdateDate"": ""2024-10-02"", ""lastSequenceUpdateDate"": ""2009-03-24"", ""entryVersion"": 132, ""sequenceVersion"": 3}","{""scientificName"": ""Homo sapiens"", ""commonName"": ""Human"", ""taxonId"": 9606, ""lineage"": [""Eukaryota"", ""Metazoa"", ""Chordata"", ""Craniata"", ""Vertebrata"", ""Euteleostomi"", ""Mammalia"", ""Eutheria"", ""Euarchontoglires"", ""Primates"", ""Haplorrhini"", ""Catarrhini"", ""Hominidae"", ""Homo""]}",1: Evidence at protein level,"{""recommendedName"": {""fullName"": {""value"": ""Multiple epidermal growth factor-like domains protein 11""}, ""shortNames"": [{""value"": ""Multiple EGF-like domains protein 11""}]}, ""flag"": ""Precursor""}","[{""geneName"": {""value"": ""MEGF11""}, ""synonyms"": [{""value"": ""KIAA1781""}], ""orfNames"": [{""value"": ""UNQ1949/PRO4432""}]}]","[""May regulate the mosaic spacing of specific neuron subtypes in the retina through homotypic retinal neuron repulsion. Mosaics provide a mechanism to distribute each cell type evenly across the retina, ensuring that all parts of the visual field have access to a full set of processing elements (By similarity)""]",[]
UniProtKB reviewed (Swiss-Prot),A6H8Y1,"[""Q68DS6"", ""Q68DY5"", ""Q6MZL9"", ""Q6PIM7"", ""Q86W98"", ""Q96LR8"", ""Q9C0H4"", ""Q9H197"", ""Q9H1A1"", ""Q9HAW1"", ""Q9HAW2"", ""Q9HCY0"", ""Q9ULH9""]",BDP1_HUMAN,"{""firstPublicDate"": ""2008-05-20"", ""lastAnnotationUpdateDate"": ""2024-10-02"", ""lastSequenceUpdateDate"": ""2011-01-11"", ""entryVersion"": 138, ""sequenceVersion"": 3}","{""scientificName"": ""Homo sapiens"", ""commonName"": ""Human"", ""taxonId"": 9606, ""lineage"": [""Eukaryota"", ""Metazoa"", ""Chordata"", ""Craniata"", ""Vertebrata"", ""Euteleostomi"", ""Mammalia"", ""Eutheria"", ""Euarchontoglires"", ""Primates"", ""Haplorrhini"", ""Catarrhini"", ""Hominidae"", ""Homo""]}",1: Evidence at protein level,"{""recommendedName"": {""fullName"": {""value"": ""Transcription factor TFIIIB component B'' homolog""}}, ""alternativeNames"": [{""fullName"": {""value"": ""Transcription factor IIIB 150""}, ""shortNames"": [{""value"": ""TFIIIB150""}]}, {""fullName"": {""value"": ""Transcription factor-like nuclear regulator""}}]}","[{""geneName"": {""value"": ""BDP1""}, ""synonyms"": [{""value"": ""KIAA1241""}, {""value"": ""KIAA1689""}, {""value"": ""TFNR""}]}]","[""General activator of RNA polymerase III transcription. Requires for transcription from all three types of polymerase III promoters. Requires for transcription of genes with internal promoter elements and with promoter elements upstream of the initiation site""]",[]
